Duty No.,Board No.,Sign ON,Stop ON,Time ON,Time OFF,Stop OFF,Sign OFF,Paid Time,Spread Time,Service
0001,"S143A
S104","05:59
11:31","ST
aa","06:11
11:38","10:45
12:54","ST
bb","10:46
13:06",06:37,07:07,384
0001,"S143A
S104","05:59
11:31","ST
aa","06:11
11:38","10:45
12:54","ST
bb","10:46
13:06",06:37,07:07,"192
192"
0002,"S209
S303","05:36
10:51","ST
StinM","05:48
10:55","10:07
12:35","StinD
StinM","10:11
12:44",06:38,07:08,"25
325"
0003,"S228
S215","05:11
10:06","ST
StinC","05:23
10:10","09:20
12:10","StinK
StinC","09:24
12:19",06:38,07:08,23
0003,"S228
S215","05:11
10:06","ST
StinC","05:23
10:10","09:20
12:10","StinK
StinC","09:24
12:19",06:38,07:08,"384
197"
0004,"S226
S122","05:05
09:11","ST
bb","05:17
09:18","08:30
12:03","StinK
aa","08:34
12:15",06:40,07:10,"11
192"
0005,"S144
S118","05:39
11:16","ST
aa","05:51
11:23","10:33
12:38","StinL
bb","10:37
12:50",06:41,07:11,327
0005,"S144
S118","05:39
11:16","ST
aa","05:51
11:23","10:33
12:38","StinL
bb","10:37
12:50",06:41,07:11,322
0005,"S144
S118","05:39
11:16","ST
aa","05:51
11:23","10:33
12:38","StinL
bb","10:37
12:50",06:41,07:11,"330
192"
0006,"S229
S220","05:06
10:46","ST
StinP","05:18
10:50","09:50
12:20","StinK
StinP","09:54
12:29",06:53,07:23,"383
312"
0007,"S250A
S108","05:06
10:01","ST
aa","05:18
10:08","09:20
12:18","ST
aa","09:21
12:30",06:54,07:24,312
0007,"S250A
S108","05:06
10:01","ST
aa","05:18
10:08","09:20
12:18","ST
aa","09:21
12:30",06:54,07:24,"23
192"
0008,"S105
S123","05:00
10:06","ST
aa","05:12
10:13","09:21
12:13","bb
aa","09:28
12:25",06:55,07:25,23
0008,"S105
S123","05:00
10:06","ST
aa","05:12
10:13","09:21
12:13","bb
aa","09:28
12:25",06:55,07:25,"192
192"
0009,"S133
S222","04:33
10:16","ST
StinP","04:45
10:20","09:38
11:50","STDEP PK
StinP","09:39
11:59",06:56,07:26,325
0009,"S133
S222","04:33
10:16","ST
StinP","04:45
10:20","09:38
11:50","STDEP PK
StinP","09:39
11:59",06:56,07:26,314
0009,"S133
S222","04:33
10:16","ST
StinP","04:45
10:20","09:38
11:50","STDEP PK
StinP","09:39
11:59",06:56,07:26,"192
312"
0010,"S256
S301","05:46
11:21","ST
StinM","05:58
11:25","10:40
13:05","StinP
StinM","10:44
13:14",06:58,07:28,379
0010,"S256
S301","05:46
11:21","ST
StinM","05:58
11:25","10:40
13:05","StinP
StinM","10:44
13:14",06:58,07:28,"378
325"
0011,"S147
S202","05:21
09:56","ST
StinB","05:33
10:00","09:13
12:40","StinL
StinB","09:17
12:49",06:58,07:28,"330
23"
0012,"S115
S807","04:36
09:29","ST
StinL","04:48
09:33","08:43
11:57","aa
StinL","08:50
12:06",07:00,07:30,330
0012,"S115
S807","04:36
09:29","ST
StinL","04:48
09:33","08:43
11:57","aa
StinL","08:50
12:06",07:00,07:30,"192
330"
0013,"S149A
S109","05:09
10:11","ST
aa","05:21
10:18","09:31
12:28","ST
aa","09:32
12:40",07:01,07:31,"330
192"
0014,"S220
S302","05:49
11:31","ST
StinM","06:01
11:35","10:50
13:15","StinP
StinM","10:54
13:24",07:05,07:35,383
0014,"S220
S302","05:49
11:31","ST
StinM","06:01
11:35","10:50
13:15","StinP
StinM","10:54
13:24",07:05,07:35,"312
325"
0015,"S120
S121","05:45
09:46","ST
aa","05:57
09:53","09:00
13:08","bb
bb","09:07
13:20",07:05,07:35,192
0015,"S120
S121","05:45
09:46","ST
aa","05:57
09:53","09:00
13:08","bb
bb","09:07
13:20",07:05,07:35,"X92
192"
0016,"S111
S208","04:33
09:11","ST
StinB","04:45
09:15","08:23
12:00","aa
StinB","08:30
12:09",07:06,07:36,"192
23"
0017,"S222
S101","05:54
11:01","ST
aa","06:06
11:08","10:20
13:18","StinP
aa","10:24
13:30",07:06,07:36,23
0017,"S222
S101","05:54
11:01","ST
aa","06:06
11:08","10:20
13:18","StinP
aa","10:24
13:30",07:06,07:36,"312
192"
0018,"S215
S234","05:18
10:51","ST
StinP","05:30
10:55","10:10
12:55","StinC
StinP","10:14
13:04",07:16,07:46,25
0018,"S215
S234","05:18
10:51","ST
StinP","05:30
10:55","10:10
12:55","StinC
StinP","10:14
13:04",07:16,07:46,"197
374"
0019,"S110
S146","03:44
08:59","ST
StinL","03:56
09:03","08:12
11:21","aa
StinL","08:19
11:30",07:16,07:46,"192
330"
0020,"S124
S216","04:52
10:26","ST
StinC","05:04
10:30","09:38
12:30","bb
StinC","09:45
12:39",07:17,07:47,330
0020,"S124
S216","04:52
10:26","ST
StinC","05:04
10:30","09:38
12:30","bb
StinC","09:45
12:39",07:17,07:47,"192
197"
0021,"S223
S218","05:29
11:06","ST
StinC","05:41
11:10","10:25
13:10","StinJ
StinC","10:29
13:19",07:20,07:50,383
0021,"S223
S218","05:29
11:06","ST
StinC","05:41
11:10","10:25
13:10","StinJ
StinC","10:29
13:19",07:20,07:50,"322
197"
0022,"S146
S214","04:09
09:46","ST
StinC","04:21
09:50","09:03
11:50","StinL
StinC","09:07
11:59",07:20,07:50,330
0022,"S146
S214","04:09
09:46","ST
StinC","04:21
09:50","09:03
11:50","StinL
StinC","09:07
11:59",07:20,07:50,"314
197"
0023,"S225
S116","04:37
08:46","ST
aa","04:49
08:53","08:00
12:18","StinK
bb","08:04
12:30",07:23,07:53,"11
192"
0024,"S119
S803","05:00
10:17","ST
StinL","05:12
10:21","09:32
12:45","aa
StinL","09:39
12:54",07:24,07:54,11
0024,"S119
S803","05:00
10:17","ST
StinL","05:12
10:21","09:32
12:45","aa
StinL","09:39
12:54",07:24,07:54,192
0024,"S119
S803","05:00
10:17","ST
StinL","05:12
10:21","09:32
12:45","aa
StinL","09:39
12:54",07:24,07:54,"X92
330"
0025,"S150
S203","05:09
10:16","ST
StinB","05:21
10:20","09:35
13:00","StinM
StinB","09:39
13:09",07:30,08:00,"325
23"
0026,"S255
S153","05:16
10:51","ST
StinH","05:28
10:55","10:10
13:10","StinP
StinH","10:14
13:19",07:33,08:03,378
0026,"S255
S153","05:16
10:51","ST
StinH","05:28
10:55","10:10
13:10","StinP
StinH","10:14
13:19",07:33,08:03,"379
314"
0027,"S116
S131","04:37
09:40","ST
STDEP PK","04:49
09:42","08:53
12:36","aa
STDEP PK","09:00
12:41",07:34,08:04,330
0027,"S116
S131","04:37
09:40","ST
STDEP PK","04:49
09:42","08:53
12:36","aa
STDEP PK","09:00
12:41",07:34,08:04,192
0027,"S116
S131","04:37
09:40","ST
STDEP PK","04:49
09:42","08:53
12:36","aa
STDEP PK","09:00
12:41",07:34,08:04,"X92
192"
0028,"S214
S204","05:25
10:36","ST
StinB","05:37
10:40","09:50
13:20","StinC
StinB","09:54
13:29",07:34,08:04,11
0028,"S214
S204","05:25
10:36","ST
StinB","05:37
10:40","09:50
13:20","StinC
StinB","09:54
13:29",07:34,08:04,"197
23"
0029,"S203
S211","05:41
11:03","ST
StinD","05:53
11:07","10:20
13:37","StinB
StinD","10:24
13:46",07:35,08:05,374
0029,"S203
S211","05:41
11:03","ST
StinD","05:53
11:07","10:20
13:37","StinB
StinD","10:24
13:46",07:35,08:05,"23
25"
0030,"S204
S219","05:34
11:26","ST
StinC","05:46
11:30","10:40
13:30","StinB
StinC","10:44
13:39",07:35,08:05,"23
197"
0031,"S107
S808","04:10
09:41","ST
StinL","04:22
09:45","08:57
12:09","bb
StinL","09:04
12:18",07:38,08:08,"192
330"
0032,"S251A
S225","05:39
10:56","ST
StinK","05:51
11:00","10:16
13:40","ST
StinK","10:17
13:49",07:40,08:10,312
0032,"S251A
S225","05:39
10:56","ST
StinK","05:51
11:00","10:16
13:40","ST
StinK","10:17
13:49",07:40,08:10,"384
383"
0033,"S108
S205","05:38
10:56","ST
StinB","05:50
11:00","10:08
13:40","aa
StinB","10:15
13:49",07:41,08:11,"192
23"
0034,"S129
S241","05:16
09:36","ST
StinR","05:28
09:40","08:52
13:20","bb
StinR","08:59
13:29",07:43,08:13,197
0034,"S129
S241","05:16
09:36","ST
StinR","05:28
09:40","08:52
13:20","bb
StinR","08:59
13:29",07:43,08:13,"192
11"
0035,"S112
S212","05:59
11:33","ST
StinD","06:11
11:37","10:48
14:07","aa
StinD","10:55
14:16",07:47,08:17,192
0035,"S112
S212","05:59
11:33","ST
StinD","06:11
11:37","10:48
14:07","aa
StinD","10:55
14:16",07:47,08:17,"191
25"
0036,"S254
S206","05:51
11:16","ST
StinB","06:03
11:20","10:30
14:00","StinN
StinB","10:34
14:09",07:48,08:18,"358
23"
0037,"S106
S210","04:57
10:33","ST
StinD","05:09
10:37","09:48
13:07","aa
StinD","09:55
13:16",07:49,08:19,"192
25"
0038,"S103
S239","04:27
08:56","ST
StinR","04:39
09:00","08:11
12:40","bb
StinR","08:18
12:49",07:52,08:22,"192
11"
0039,"S240
S246","04:29
10:06","ST
StinK","04:41
10:10","09:20
12:49","StinR
STDEP PK","09:24
12:54",07:55,08:25,23
0039,"S240
S246","04:29
10:06","ST
StinK","04:41
10:10","09:20
12:49","StinR
STDEP PK","09:24
12:54",07:55,08:25,"11
384"
0040,"S142A
S146","05:28
11:17","ST
StinL","05:40
11:21","10:36
13:45","ST
StinL","10:37
13:54",07:56,08:26,"192
330"
0041,"S801
S302","07:22
13:11","ST
StinM","07:34
13:15","12:21
15:45","StinL
StinM","12:25
15:54",08:02,08:32,"330
325"
0042,"S128
S254","06:10
10:26","ST
StinN","06:22
10:30","09:48
14:35","STDEP PK
StinN","09:49
14:44",08:04,08:34,"192
358"
0043,"S806
S229","06:44
12:26","ST
StinK","06:56
12:30","11:45
15:10","StinL
StinK","11:49
15:19",08:05,08:35,"330
384"
0044,"S117
S151","05:13
09:51","ST
StinH","05:25
09:55","09:07
13:40","aa
StinH","09:14
13:49",08:06,08:36,23
0044,"S117
S151","05:13
09:51","ST
StinH","05:25
09:55","09:07
13:40","aa
StinH","09:14
13:49",08:06,08:36,"192
314"
0045,"S301
S123","07:04
12:06","ST
aa","07:16
12:13","11:25
15:31","StinM
bb","11:29
15:43",08:09,08:39,"325
192"
0046,"S153
S207","05:49
11:36","ST
StinB","06:01
11:40","10:55
14:20","StinH
StinB","10:59
14:29",08:10,08:40,"314
23"
0047,"S231
S202","07:09
12:36","ST
StinB","07:21
12:40","11:50
15:40","StinK
StinB","11:54
15:49",08:10,08:40,383
0047,"S231
S202","07:09
12:36","ST
StinB","07:21
12:40","11:50
15:40","StinK
StinB","11:54
15:49",08:10,08:40,"384
23"
0048,"S151
S126","05:01
10:40","ST
STDEP PK","05:13
10:42","09:55
13:36","StinH
STDEP PK","09:59
13:41",08:10,08:40,360
0048,"S151
S126","05:01
10:40","ST
STDEP PK","05:13
10:42","09:55
13:36","StinH
STDEP PK","09:59
13:41",08:10,08:40,358
0048,"S151
S126","05:01
10:40","ST
STDEP PK","05:13
10:42","09:55
13:36","StinH
STDEP PK","09:59
13:41",08:10,08:40,"314
192"
0049,"S127
S242","05:09
09:56","ST
StinR","05:21
10:00","09:11
13:40","bb
StinR","09:18
13:49",08:10,08:40,"192
11"
0050,"S121
S244","05:46
10:39","ST
STDEP PK","05:58
10:41","09:53
14:20","aa
StinR","10:00
14:29",08:13,08:43,191
0050,"S121
S244","05:46
10:39","ST
STDEP PK","05:58
10:41","09:53
14:20","aa
StinR","10:00
14:29",08:13,08:43,"192
11"
0051,"S221
S127","05:08
09:04","ST
bb","05:20
09:11","08:20
13:46","StinP
STDEP PK","08:24
13:51",08:13,08:43,25
0051,"S221
S127","05:08
09:04","ST
bb","05:20
09:11","08:20
13:46","StinP
STDEP PK","08:24
13:51",08:13,08:43,"312
192"
0052,"S135
S232","04:53
10:46","ST
StinK","05:05
10:50","10:06
13:30","STDEP PK
StinK","10:07
13:39",08:16,08:46,"192
384"
0053,"S134
S256","05:02
10:36","ST
StinP","05:14
10:40","09:56
13:40","STDEP PK
StinP","09:57
13:49",08:17,08:47,11
0053,"S134
S256","05:02
10:36","ST
StinP","05:14
10:40","09:56
13:40","STDEP PK
StinP","09:57
13:49",08:17,08:47,384
0053,"S134
S256","05:02
10:36","ST
StinP","05:14
10:40","09:56
13:40","STDEP PK
StinP","09:57
13:49",08:17,08:47,"192
378"
0053,"S134
S256","05:02
10:36","ST
StinP","05:14
10:40","09:56
13:40","STDEP PK
StinP","09:57
13:49",08:17,08:47,379
0054,"S145
S213","05:59
12:06","ST
STDEP PK","06:11
12:08","10:57
14:37","StinL
StinD","11:01
14:46",08:17,08:47,"330
25"
0055,"S246
S224","06:16
10:51","ST
StinJ","06:28
10:55","10:10
14:55","StinK
StinJ","10:14
15:04",08:18,08:48,197
0055,"S246
S224","06:16
10:51","ST
StinJ","06:28
10:55","10:10
14:55","StinK
StinJ","10:14
15:04",08:18,08:48,"383
327"
0056,"S132
S243","05:19
10:19","ST
STDEP PK","05:31
10:21","09:36
14:00","STDEP PK
StinR","09:37
14:09",08:20,08:50,384
0056,"S132
S243","05:19
10:19","ST
STDEP PK","05:31
10:21","09:36
14:00","STDEP PK
StinR","09:37
14:09",08:20,08:50,"192
11"
0057,"S206
S116","06:23
12:11","ST
bb","06:35
12:18","11:20
15:02","StinB
aa","11:24
15:14",08:21,08:51,"23
192"
0058,"S219
S128","06:54
12:30","ST
STDEP PK","07:06
12:32","11:30
15:34","StinC
bb","11:34
15:46",08:22,08:52,"197
192"
0059,"S802
S245","05:56
10:56","ST
StinR","06:08
11:00","10:09
14:40","StinL
StinR","10:13
14:49",08:23,08:53,"330
11"
0060,"S138A
S147","05:13
09:09","ST
StinL","05:25
09:13","08:19
13:57","bb
StinL","08:26
14:06",08:23,08:53,"192
330"
0061,"S114
S119","04:07
09:25","ST
aa","04:19
09:32","08:33
12:48","aa
bb","08:40
13:00",08:23,08:53,"192
192"
0062,"S239
S106","05:26
09:41","ST
aa","05:38
09:48","09:00
14:08","StinR
aa","09:04
14:20",08:24,08:54,"11
192"
0063,"S247A
S124","05:39
09:31","ST
bb","05:51
09:38","08:39
14:22","ST
aa","08:40
14:34",08:25,08:55,384
0063,"S247A
S124","05:39
09:31","ST
bb","05:51
09:38","08:39
14:22","ST
aa","08:40
14:34",08:25,08:55,"383
192"
0064,"S302
S220","06:34
12:16","ST
StinP","06:46
12:20","11:35
15:20","StinM
StinP","11:39
15:29",08:25,08:55,"325
312"
0065,"S248A
S152","06:09
10:21","ST
StinH","06:21
10:25","09:42
14:55","ST
StinH","09:43
15:04",08:25,08:55,383
0065,"S248A
S152","06:09
10:21","ST
StinH","06:21
10:25","09:42
14:55","ST
StinH","09:43
15:04",08:25,08:55,"384
314"
0066,"S241
S223","05:39
10:21","ST
StinJ","05:51
10:25","09:40
14:25","StinR
StinJ","09:44
14:34",08:25,08:55,197
0066,"S241
S223","05:39
10:21","ST
StinJ","05:51
10:25","09:40
14:25","StinR
StinJ","09:44
14:34",08:25,08:55,"384
322"
0067,"S122
S255","05:54
10:06","ST
StinP","06:06
10:10","09:18
14:40","bb
StinP","09:25
14:49",08:25,08:55,"192
379"
0067,"S122
S255","05:54
10:06","ST
StinP","06:06
10:10","09:18
14:40","bb
StinP","09:25
14:49",08:25,08:55,378
0068,"S109
S235","06:14
11:16","ST
StinR","06:26
11:20","10:18
15:00","aa
StinR","10:25
15:09",08:25,08:55,314
0068,"S109
S235","06:14
11:16","ST
StinR","06:26
11:20","10:18
15:00","aa
StinR","10:25
15:09",08:25,08:55,192
0068,"S109
S235","06:14
11:16","ST
StinR","06:26
11:20","10:18
15:00","aa
StinR","10:25
15:09",08:25,08:55,"191
11"
0069,"S140A
S144","06:33
10:29","ST
StinL","06:45
10:33","09:46
15:21","ST
StinL","09:47
15:30",08:27,08:57,"192
330"
0070,"S249A
S209","06:19
10:03","ST
StinD","06:31
10:07","09:17
15:07","ST
StinD","09:18
15:16",08:27,08:57,384
0070,"S249A
S209","06:19
10:03","ST
StinD","06:31
10:07","09:17
15:07","ST
StinD","09:18
15:16",08:27,08:57,"191
25"
0071,"S131
S304","04:47
10:11","ST
StinM","04:59
10:15","09:31
13:35","STDEP PK
StinM","09:32
13:44",08:27,08:57,"192
325"
0072,"S252A
S133","06:09
10:00","ST
STDEP PK","06:21
10:02","09:21
14:54","ST
aa","09:22
15:06",08:27,08:57,"312
192"
0073,"S202
S112","05:30
10:41","ST
aa","05:42
10:48","10:00
14:15","StinB
bb","10:04
14:27",08:27,08:57,"23
192"
0074,"S213
S230","06:46
12:49","ST
STDEP PK","06:58
12:51","11:59
15:37","STDEP PK
STDEP PK","12:00
15:42",08:26,08:56,"25
384"
0075,"S808
S125","05:47
10:26","ST
aa","05:59
10:33","09:45
14:32","StinL
aa","09:49
14:44",08:27,08:57,"330
192"
0076,"S232
S114","05:57
11:51","ST
bb","06:09
11:58","10:50
14:42","StinK
aa","10:54
14:54",08:27,08:57,11
0076,"S232
S114","05:57
11:51","ST
bb","06:09
11:58","10:50
14:42","StinK
aa","10:54
14:54",08:27,08:57,"384
192"
0077,"S137A
S253","06:51
11:26","ST
StinN","07:03
11:30","10:41
15:40","ST
StinN","10:42
15:49",08:28,08:58,"192
358"
0078,"S216
S102","05:59
11:11","ST
aa","06:11
11:18","10:30
14:45","StinC
bb","10:34
14:57",08:28,08:58,"197
192"
0079,"S101
S122","06:34
11:56","ST
aa","06:46
12:03","11:08
15:20","aa
bb","11:15
15:32",08:28,08:58,191
0079,"S101
S122","06:34
11:56","ST
aa","06:46
12:03","11:08
15:20","aa
bb","11:15
15:32",08:28,08:58,"192
192"
0080,"S807
S227","05:30
10:16","ST
StinK","05:42
10:20","09:33
14:20","StinL
StinK","09:37
14:29",08:29,08:59,"330
383"
0081,"S104
S226","06:30
12:36","ST
StinK","06:42
12:40","11:38
15:20","aa
StinK","11:45
15:29",08:29,08:59,"192
383"
0101,"S117
S204","08:58
13:16","aa
StinB","09:07
13:20","12:28
16:20","bb
StinB","12:35
16:29",07:01,07:31,"192
23"
0102,"S238
S210","08:29
13:03","ST
StinD","08:41
13:07","12:20
16:00","StinR
StinB","12:24
16:09",07:10,07:40,"11
25"
0102,"S238
S210","08:29
13:03","ST
StinD","08:41
13:07","12:20
16:00","StinR
StinB","12:24
16:09",07:10,07:40,23
0103,"S221
S151","08:14
13:36","StinP
StinH","08:20
13:40","12:50
15:55","StinP
StinH","12:54
16:04",07:20,07:50,"312
314"
0104,"S115
S146","08:34
13:41","aa
StinL","08:43
13:45","12:53
16:21","aa
StinL","13:00
16:30",07:26,07:56,"192
330"
0105,"S207
S117","08:49
12:21","StinB
bb","08:55
12:28","11:40
16:41","StinB
bb","11:44
16:53",07:34,08:04,"23
192"
0106,"S237
S105","08:04
12:57","ST
bb","08:16
13:04","12:00
16:15","StinR
aa","12:04
16:27",07:53,08:23,"11
192"
0107,"S236
S109","07:44
12:21","ST
aa","07:56
12:28","11:40
16:02","StinR
bb","11:44
16:14",08:00,08:30,"11
192"
0108,"S110
S232","08:03
13:26","aa
StinK","08:12
13:30","12:38
16:30","aa
StinK","12:45
16:39",08:06,08:36,"192
384"
0109,"S114
S240","08:24
12:56","aa
StinR","08:33
13:00","11:58
16:55","bb
StinN","12:05
17:04",08:10,08:40,"192
11"
0110,"S113
S206","08:19
13:56","ST
StinB","08:31
14:00","13:08
16:52","aa
StinD","13:15
17:01",08:12,08:42,"192
23"
0110,"S113
S206","08:19
13:56","ST
StinB","08:31
14:00","13:08
16:52","aa
StinD","13:15
17:01",08:12,08:42,25
0111,"S129
S241","08:43
13:16","bb
StinR","08:52
13:20","12:26
17:20","STDEP PK
StinR","12:27
17:29",08:16,08:46,"192
11"
0112,"S103
S205","08:02
13:36","bb
StinB","08:11
13:40","12:44
16:40","bb
StinB","12:51
16:49",08:17,08:47,"192
23"
0113,"S111
S211","08:14
13:33","aa
StinD","08:23
13:37","12:48
17:00","aa
StinB","12:55
17:09",08:25,08:55,"192
25"
0113,"S111
S211","08:14
13:33","aa
StinD","08:23
13:37","12:48
17:00","aa
StinB","12:55
17:09",08:25,08:55,23
0151,"S111
S230","12:39
15:49","aa
STDEP PK","12:48
15:51","14:57
19:46","aa
ST","15:04
19:51",06:42,07:12,"192
384"
0151,"S111
S230","12:39
15:49","aa
STDEP PK","12:48
15:51","14:57
19:46","aa
ST","15:04
19:51",06:42,07:12,25
0151,"S111
S230","12:39
15:49","aa
STDEP PK","12:48
15:51","14:57
19:46","aa
ST","15:04
19:51",06:42,07:12,23
0152,"S129
S222","12:38
14:46","STDEP PK
StinP","12:42
14:50","14:06
19:47","STDEP PK
ST","14:07
19:52",06:44,07:14,"192
312"
0152,"S129
S222","12:38
14:46","STDEP PK
StinP","12:42
14:50","14:06
19:47","STDEP PK
ST","14:07
19:52",06:44,07:14,374
0153,"S217
S248P","12:44
15:30","StinC
ST","12:50
15:41","14:50
19:53","ST
ST","14:51
19:58",06:44,07:14,"197
383"
0153,"S217
S248P","12:44
15:30","StinC
ST","12:50
15:41","14:50
19:53","ST
ST","14:51
19:58",06:44,07:14,384
0154,"S119
S253","12:39
15:36","bb
StinN","12:48
15:40","14:49
19:53","bb
ST","14:56
19:58",06:49,07:19,"192
358"
0155,"S110
S119","12:29
14:42","aa
bb","12:38
14:49","13:54
19:44","bb
ST","14:01
19:49",06:50,07:20,"192
192"
0155,"S110
S119","12:29
14:42","aa
bb","12:38
14:49","13:54
19:44","bb
ST","14:01
19:49",06:50,07:20,314
0156,"S108
S242","12:09
17:36","aa
StinR","12:18
17:40","16:45
19:43","aa
ST","16:52
19:48",07:09,07:39,"192
11"
0157,"S233
S111","11:49
14:50","StinP
aa","11:55
14:57","13:55
19:47","StinP
STDEP PK","13:59
19:52",07:33,08:03,"374
192"
0158,"S201
S113","09:34
13:01","StinB
aa","09:40
13:08","12:20
17:55","StinB
aa","12:24
18:07",08:03,08:33,"23
192"
0159,"S229
S107","09:44
13:17","StinK
bb","09:50
13:24","12:30
18:07","StinK
bb","12:34
18:19",08:05,08:35,"384
192"
0160,"S132
S304","09:48
13:31","STDEP PK
StinM","09:52
13:35","12:46
18:23","STDEP PK
ST","12:47
18:28",08:10,08:40,"192
325"
0161,"S145
S206","10:51
16:48","StinL
StinD","10:57
16:52","15:57
19:27","StinL
ST","16:01
19:32",08:11,08:41,"330
25"
0162,"S136
S257","10:28
14:06","STDEP PK
StinP","10:32
14:10","13:26
19:06","STDEP PK
ST","13:27
19:11",08:13,08:43,"192
379"
0162,"S136
S257","10:28
14:06","STDEP PK
StinP","10:32
14:10","13:26
19:06","STDEP PK
ST","13:27
19:11",08:13,08:43,378
0163,"S150
S225","09:29
13:36","StinM
StinK","09:35
13:40","12:55
18:10","StinM
StinK","12:59
18:19",08:20,08:50,"325
383"
0164,"S240
S129","09:14
14:19","StinR
STDEP PK","09:20
14:21","13:00
17:53","StinR
aa","13:04
18:05",08:21,08:51,"11
192"
0165,"S805
S211","11:03
16:56","StinL
StinB","11:09
17:00","16:09
19:51","StinL
ST","16:13
19:56",08:23,08:53,"330
23"
0165,"S805
S211","11:03
16:56","StinL
StinB","11:09
17:00","16:09
19:51","StinL
ST","16:13
19:56",08:23,08:53,25
0166,"S804
S205","10:39
16:36","StinL
StinB","10:45
16:40","15:45
19:28","StinL
ST","15:49
19:33",08:24,08:54,"330
23"
0167,"S257
S152","11:04
14:51","StinP
StinH","11:10
14:55","14:10
19:54","StinP
ST","14:14
19:59",08:25,08:55,379
0167,"S257
S152","11:04
14:51","StinP
StinH","11:10
14:55","14:10
19:54","StinP
ST","14:14
19:59",08:25,08:55,"378
314"
0167,"S257
S152","11:04
14:51","StinP
StinH","11:10
14:55","14:10
19:54","StinP
ST","14:14
19:59",08:25,08:55,325
0168,"S228
S106","09:14
14:01","StinK
aa","09:20
14:08","13:20
17:58","StinK
bb","13:24
18:10",08:26,08:56,"383
192"
0169,"S105
S243","09:12
13:56","bb
StinR","09:21
14:00","13:04
18:00","bb
StinR","13:11
18:09",08:27,08:57,"192
11"
0170,"S135
S212","10:18
14:03","STDEP PK
StinD","10:22
14:07","13:16
19:10","STDEP PK
ST","13:17
19:15",08:27,08:57,"192
25"
0170,"S135
S212","10:18
14:03","STDEP PK
StinD","10:22
14:07","13:16
19:10","STDEP PK
ST","13:17
19:15",08:27,08:57,23
0201,"S225
S215","07:54
16:16","StinK
StinC","08:00
16:20","11:00
19:37","StinK
ST","11:04
19:42",06:36,11:48,"383
197"
0201,"S225
S215","07:54
16:16","StinK
StinC","08:00
16:20","11:00
19:37","StinK
ST","11:04
19:42",06:36,11:48,322
0202,"S154A
S250P","06:12
15:21","ST
ST","06:24
15:31","09:42
18:37","ST
ST","09:43
18:42",06:52,12:30,330
0202,"S154A
S250P","06:12
15:21","ST
ST","06:24
15:31","09:42
18:37","ST
ST","09:43
18:42",06:52,12:30,"314
384"
0203,"S208
S138P","06:14
14:36","ST
ST","06:26
14:46","09:15
18:21","StinB
aa","09:19
18:33",07:02,12:19,"23
192"
0204,"S138A
S229","08:10
15:06","bb
StinK","08:19
15:10","10:47
19:34","ST
ST","10:48
19:39",07:11,11:29,"192
384"
0204,"S138A
S229","08:10
15:06","bb
StinK","08:19
15:10","10:47
19:34","ST
ST","10:48
19:39",07:11,11:29,383
0205,"S141A
S245","06:09
14:36","ST
StinR","06:21
14:40","09:21
18:32","ST
ST","09:22
18:37",07:14,12:28,"192
11"
0206,"S230
S810P","06:44
15:48","ST
ST","06:56
15:58","10:40
19:07","STDEP PK
ST","10:41
19:12",07:21,12:28,"11
330"
0207,"S243
S208","06:13
14:36","ST
StinB","06:25
14:40","10:04
17:57","STDEP PK
StinD","10:05
18:06",07:22,11:53,"11
23"
0208,"S304
S134","07:34
14:57","ST
aa","07:46
15:04","10:15
19:38","StinM
STDEP PK","10:19
19:43",07:31,12:09,"325
192"
0208,"S304
S134","07:34
14:57","ST
aa","07:46
15:04","10:15
19:38","StinM
STDEP PK","10:19
19:43",07:31,12:09,384
0209,"S235
S237","07:24
16:09","ST
STDEP PK","07:36
16:11","11:20
19:36","StinR
ST","11:24
19:41",07:32,12:17,"11
322"
0209,"S235
S237","07:24
16:09","ST
STDEP PK","07:36
16:11","11:20
19:36","StinR
ST","11:24
19:41",07:32,12:17,197
0210,"S102
S143P","06:35
16:14","ST
ST","06:47
16:24","11:18
18:53","aa
ST","11:25
18:58",07:34,12:23,"192
191"
0211,"S810A
S130P","06:14
14:16","ST
ST","06:26
14:26","09:42
18:10","ST
bb","09:43
18:22",07:35,12:08,"330
192"
0212,"S803
S224","07:42
14:51","ST
StinJ","07:54
14:55","10:21
19:39","StinL
ST","10:25
19:44",07:36,12:02,"330
327"
0212,"S803
S224","07:42
14:51","ST
StinJ","07:54
14:55","10:21
19:39","StinL
ST","10:25
19:44",07:36,12:02,11
0213,"S242
S114","07:25
14:35","ST
aa","07:37
14:42","10:00
19:28","StinR
STDEP PK","10:04
19:33",07:37,12:08,"11
192"
0214,"S253
S204","06:54
16:16","ST
StinB","07:06
16:20","11:30
19:14","StinN
ST","11:34
19:19",07:43,12:25,"358
23"
0215,"S207
S136","06:21
13:40","ST
STDEP PK","06:33
13:42","08:55
18:43","StinB
ST","08:59
18:48",07:46,12:27,"25
192"
0216,"S123
S209","06:00
15:03","ST
StinD","06:12
15:07","10:13
18:20","aa
StinB","10:20
18:29",07:46,12:29,"192
25"
0216,"S123
S209","06:00
15:03","ST
StinD","06:12
15:07","10:13
18:20","aa
StinB","10:20
18:29",07:46,12:29,23
0217,"S218
S141P","06:35
15:44","ST
ST","06:47
15:54","11:10
18:48","StinC
ST","11:14
18:53",07:48,12:18,"197
191"
0217,"S218
S141P","06:35
15:44","ST
ST","06:47
15:54","11:10
18:48","StinC
ST","11:14
18:53",07:48,12:18,192
0218,"S136
S255","06:03
14:36","ST
StinP","06:15
14:40","10:16
18:05","STDEP PK
ST","10:17
18:10",07:48,12:07,"192
378"
0218,"S136
S255","06:03
14:36","ST
StinP","06:15
14:40","10:16
18:05","STDEP PK
ST","10:17
18:10",07:48,12:07,379
0219,"S805
S145","06:42
15:53","ST
StinL","06:54
15:57","11:09
19:06","StinL
STDEP PK","11:13
19:11",07:49,12:29,"330
330"
0219,"S805
S145","06:42
15:53","ST
StinL","06:54
15:57","11:09
19:06","StinL
STDEP PK","11:13
19:11",07:49,12:29,314
0220,"S126
S235","06:37
14:56","ST
StinR","06:49
15:00","10:26
18:51","STDEP PK
ST","10:27
18:56",07:50,12:19,"192
11"
0221,"S211
S203","06:29
15:38","ST
StinD","06:41
15:42","11:07
18:45","StinD
ST","11:11
18:50",07:54,12:21,"25
25"
0221,"S211
S203","06:29
15:38","ST
StinD","06:41
15:42","11:07
18:45","StinD
ST","11:11
18:50",07:54,12:21,23
0222,"S148A
S112","06:01
14:08","ST
bb","06:13
14:15","10:21
17:35","ST
aa","10:22
17:47",08:00,11:46,322
0222,"S148A
S112","06:01
14:08","ST
bb","06:13
14:15","10:21
17:35","ST
aa","10:22
17:47",08:00,11:46,327
0222,"S148A
S112","06:01
14:08","ST
bb","06:13
14:15","10:21
17:35","ST
aa","10:22
17:47",08:00,11:46,191
0222,"S148A
S112","06:01
14:08","ST
bb","06:13
14:15","10:21
17:35","ST
aa","10:22
17:47",08:00,11:46,"192
192"
0223,"S224
S139P","06:14
15:15","ST
ST","06:26
15:25","10:55
18:18","StinJ
aa","10:59
18:30",08:00,12:16,"327
192"
0224,"S205
S223","08:04
14:21","ST
StinJ","08:16
14:25","11:00
19:19","StinB
ST","11:04
19:24",08:03,11:20,"23
322"
0224,"S205
S223","08:04
14:21","ST
StinJ","08:16
14:25","11:00
19:19","StinB
ST","11:04
19:24",08:03,11:20,327
0225,"S210
S125","07:41
14:25","ST
aa","07:53
14:32","10:37
19:23","StinD
STDEP PK","10:41
19:28",08:03,11:47,"25
192"
0226,"S201
S137P
Relief car 1","06:49
14:03
19:02","ST
ST
bb","07:01
14:13
19:02","09:40
19:02
19:07","StinB
bb
ST","09:44
19:02
19:12",08:04,12:23,"23
192
Relief Vehicle"
0227,"S244
S140P","06:29
14:46","ST
ST","06:41
14:56","10:21
18:53","STDEP PK
STDEP PK","10:22
18:58",08:05,12:29,"11
192"
0228,"S227
S254","07:09
14:31","ST
StinN","07:21
14:35","10:20
19:20","StinK
ST","10:24
19:25",08:09,12:16,312
0228,"S227
S254","07:09
14:31","ST
StinN","07:21
14:35","10:20
19:20","StinK
ST","10:24
19:25",08:09,12:16,"383
358"
0228,"S227
S254","07:09
14:31","ST
StinN","07:21
14:35","10:20
19:20","StinK
ST","10:24
19:25",08:09,12:16,191
0229,"S257
S201","06:14
14:56","ST
StinB","06:26
15:00","11:10
18:01","StinP
ST","11:14
18:06",08:10,11:52,378
0229,"S257
S201","06:14
14:56","ST
StinB","06:26
15:00","11:10
18:01","StinP
ST","11:14
18:06",08:10,11:52,"379
23"
0229,"S257
S201","06:14
14:56","ST
StinB","06:26
15:00","11:10
18:01","StinP
ST","11:14
18:06",08:10,11:52,25
0230,"S303
S213","06:04
14:33","ST
StinD","06:16
14:37","10:55
17:40","StinM
StinB","10:59
17:49",08:11,11:45,"325
25"
0230,"S303
S213","06:04
14:33","ST
StinD","06:16
14:37","10:55
17:40","StinM
StinB","10:59
17:49",08:11,11:45,23
0231,"S234
S236","06:44
15:16","ST
StinR","06:56
15:20","10:55
19:08","StinP
ST","10:59
19:13",08:12,12:29,"374
11"
0232,"S245
S801","06:59
14:41","ST
StinL","07:11
14:45","11:00
18:48","StinR
ST","11:04
18:53",08:17,11:54,"11
330"
0233,"S118
S804","07:12
15:41","ST
StinL","07:24
15:45","11:23
19:35","aa
ST","11:30
19:40",08:17,12:28,330
0233,"S118
S804","07:12
15:41","ST
StinL","07:24
15:45","11:23
19:35","aa
ST","11:30
19:40",08:17,12:28,191
0233,"S118
S804","07:12
15:41","ST
StinL","07:24
15:45","11:23
19:35","aa
ST","11:30
19:40",08:17,12:28,"192
330"
0234,"S809A
S231","06:23
14:26","ST
StinK","06:35
14:30","10:20
18:42","ST
ST","10:21
18:47",08:19,12:24,"330
384"
0234,"S809A
S231","06:23
14:26","ST
StinK","06:35
14:30","10:20
18:42","ST
ST","10:21
18:47",08:19,12:24,327
0235,"S804
S116","06:23
14:55","ST
aa","06:35
15:02","10:45
18:48","StinL
STDEP PK","10:49
18:53",08:24,12:30,"330
192"
0236,"S130A
S249P","07:01
14:41","ST
ST","07:13
14:51","11:01
19:01","ST
ST","11:02
19:06",08:26,12:05,"192
197"
0236,"S130A
S249P","07:01
14:41","ST
ST","07:13
14:51","11:01
19:01","ST
ST","11:02
19:06",08:26,12:05,191
0236,"S130A
S249P","07:01
14:41","ST
ST","07:13
14:51","11:01
19:01","ST
ST","11:02
19:06",08:26,12:05,327
0236,"S130A
S249P","07:01
14:41","ST
ST","07:13
14:51","11:01
19:01","ST
ST","11:02
19:06",08:26,12:05,322
0237,"S139A
S227","06:48
14:16","ST
StinK","07:00
14:20","10:14
19:11","ST
ST","10:15
19:16",08:27,12:28,"192
383"
0237,"S139A
S227","06:48
14:16","ST
StinK","07:00
14:20","10:14
19:11","ST
ST","10:15
19:16",08:27,12:28,374
0238,"S152
S246","06:44
14:20","ST
STDEP PK","06:56
14:22","10:25
18:59","StinH
ST","10:29
19:04",08:29,12:20,"314
25"
0239,"S125
S244","06:15
14:16","ST
StinR","06:27
14:20","10:33
18:15","aa
ST","10:40
18:20",08:29,12:05,"192
11"
0301,"S233
S104","07:44
12:47","ST
bb","07:56
12:54","11:55
17:38","StinP
bb","11:59
17:50",09:36,10:06,"374
192"
0302,"S212
S303","07:20
12:31","ST
StinM","07:32
12:35","11:37
17:28","StinD
ST","11:41
17:33",09:43,10:13,191
0302,"S212
S303","07:20
12:31","ST
StinM","07:32
12:35","11:37
17:28","StinD
ST","11:41
17:33",09:43,10:13,"25
325"
0303,"S217
S110","08:26
13:47","ST
bb","08:38
13:54","12:50
18:27","StinC
bb","12:54
18:39",09:43,10:13,"197
192"
0304,"S226
S135","08:24
13:30","StinK
STDEP PK","08:30
13:32","12:40
18:33","StinK
ST","12:44
18:38",09:44,10:14,384
0304,"S226
S135","08:24
13:30","StinK
STDEP PK","08:30
13:32","12:40
18:33","StinK
ST","12:44
18:38",09:44,10:14,"383
192"
0311,"S107
S207","08:48
14:16","bb
StinB","08:57
14:20","13:24
18:53","bb
ST","13:31
18:58",09:40,10:10,"192
23"
0311,"S107
S207","08:48
14:16","bb
StinB","08:57
14:20","13:24
18:53","bb
ST","13:31
18:58",09:40,10:10,25
0311,"S107
S207","08:48
14:16","bb
StinB","08:57
14:20","13:24
18:53","bb
ST","13:31
18:58",09:40,10:10,384
0312,"S120
S233","08:51
13:51","bb
StinP","09:00
13:55","12:58
18:58","bb
ST","13:05
19:03",09:42,10:12,"192
374"
0312,"S120
S233","08:51
13:51","bb
StinP","09:00
13:55","12:58
18:58","bb
ST","13:05
19:03",09:42,10:12,383
0321,"S134
S154P","10:08
16:00","STDEP PK
ST","10:12
16:11","15:04
20:14","aa
ST","15:11
20:19",09:41,10:11,"192
314"
0322,"S802
S221","10:03
15:46","StinL
StinP","10:09
15:50","14:57
20:10","StinL
ST","15:01
20:15",09:42,10:12,"330
312"
0331,"S127
S116","13:58
19:49","STDEP PK
STDEP PK","14:02
19:51","18:57
23:55","STDEP PK
ST","18:58
24:00",09:32,10:02,"192
312"
0331,"S127
S116","13:58
19:49","STDEP PK
STDEP PK","14:02
19:51","18:57
23:55","STDEP PK
ST","18:58
24:00",09:32,10:02,197
0331,"S127
S116","13:58
19:49","STDEP PK
STDEP PK","14:02
19:51","18:57
23:55","STDEP PK
ST","18:58
24:00",09:32,10:02,374
0401,"S126
S147","13:48
16:29","STDEP PK
StinL","13:52
16:33","15:33
20:38","aa
STDEP PK","15:40
20:43",06:25,06:55,"192
330"
0401,"S126
S147","13:48
16:29","STDEP PK
StinL","13:52
16:33","15:33
20:38","aa
STDEP PK","15:40
20:43",06:25,06:55,11
0402,"S218
S132
Relief car 3","13:04
16:01
20:33","StinC
bb
bb","13:10
16:08
20:33","15:10
20:33
20:38","StinC
bb
ST","15:14
20:33
20:43",07:09,07:39,"197
192
Relief Vehicle"
0403,"S121
S209","12:59
18:16","bb
StinB","13:08
18:20","17:22
20:36","bb
ST","17:29
20:41",07:12,07:42,"192
23"
0404,"S147
S153","13:51
17:21","StinL
StinH","13:57
17:25","16:33
21:29","StinL
ST","16:37
21:34",07:13,07:43,"330
314"
0404,"S147
S153","13:51
17:21","StinL
StinH","13:57
17:25","16:33
21:29","StinL
ST","16:37
21:34",07:13,07:43,11
0405,"S242
Relief car 1
S133
Relief car 2","13:34
18:30
18:35
21:11","StinR
ST
bb
aa","13:40
18:32
18:35
21:11","17:40
18:35
21:11
21:17","StinR
bb
aa
ST","17:44
18:35
21:11
21:22",07:18,07:48,"11
Relief Vehicle
192
Relief Vehicle"
0406,"S115
S225","12:44
18:06","aa
StinK","12:53
18:10","17:15
20:28","aa
ST","17:22
20:33",07:19,07:49,"192
384"
0407,"S803
S214","12:39
15:56","StinL
StinC","12:45
16:00","15:09
20:25","StinL
ST","15:13
20:30",07:21,07:51,"330
197"
0408,"S301
Relief car 1
S124
Relief car 2","12:59
18:42
18:47
20:41","StinM
ST
aa
aa","13:05
18:44
18:47
20:41","17:58
18:47
20:41
20:47","ST
aa
aa
ST","17:59
18:47
20:41
20:52",07:23,07:53,"325
Relief Vehicle
192
Relief Vehicle"
0409,"S219
Relief car 1
S137P
Relief car 1","13:24
18:57
19:02
21:16","StinC
ST
bb
aa","13:30
18:59
19:02
21:16","18:00
19:02
21:16
21:22","StinC
bb
aa
ST","18:04
19:02
21:16
21:27",07:33,08:03,"197
Relief Vehicle
192
Relief Vehicle"
0410,"S221
S108","12:44
16:38","StinP
aa","12:50
16:45","15:50
20:43","StinP
ST","15:54
20:48",07:34,08:04,"312
192"
0411,"S131
S240","12:48
16:51","STDEP PK
StinN","12:52
16:55","15:58
20:53","bb
ST","16:05
20:58",07:40,08:10,"192
358"
0412,"S120
S216","12:49
16:36","bb
StinC","12:58
16:40","15:40
20:55","aa
ST","15:47
21:00",07:41,08:11,"192
197"
0413,"S239
S112","12:34
17:28","StinR
aa","12:40
17:35","16:40
20:43","StinR
ST","16:44
20:48",07:44,08:14,"11
192"
0414,"S234
S113","12:49
17:48","StinP
aa","12:55
17:55","17:00
21:01","StinR
ST","17:04
21:06",07:47,08:17,"374
192"
0415,"S216
S104
Relief car 1","12:24
17:31
20:31","StinC
bb
aa","12:30
17:38
20:31","16:40
20:31
20:37","StinC
aa
ST","16:44
20:31
20:42",07:48,08:18,"197
192
Relief Vehicle"
0416,"S808
S208","12:03
17:53","StinL
StinD","12:09
17:57","17:05
20:17","StinL
ST","17:09
20:22",07:49,08:19,"330
25"
0417,"S256
S219","13:34
17:56","StinP
StinC","13:40
18:00","17:00
21:51","StinP
ST","17:04
21:56",07:52,08:22,378
0417,"S256
S219","13:34
17:56","StinP
StinC","13:40
18:00","17:00
21:51","StinP
ST","17:04
21:56",07:52,08:22,"379
197"
0418,"S801
S126","12:15
15:26","StinL
aa","12:21
15:33","14:45
20:34","StinL
STDEP PK","14:49
20:39",07:54,08:24,"330
192"
0419,"S237
S232","11:54
16:26","StinR
StinK","12:00
16:30","15:42
20:17","STDEP PK
ST","15:43
20:22",07:58,08:28,"11
384"
0419,"S237
S232","11:54
16:26","StinR
StinK","12:00
16:30","15:42
20:17","STDEP PK
ST","15:43
20:22",07:58,08:28,23
0420,"S236
S105","11:34
16:08","StinR
aa","11:40
16:15","15:20
19:57","StinR
STDEP PK","15:24
20:02",07:58,08:28,"11
192"
0421,"S222
S202","11:44
15:36","StinP
StinB","11:50
15:40","14:50
20:08","StinP
ST","14:54
20:13",07:59,08:29,"312
23"
0421,"S222
S202","11:44
15:36","StinP
StinB","11:50
15:40","14:50
20:08","StinP
ST","14:54
20:13",07:59,08:29,25
0422,"S806
S213","11:39
17:36","StinL
StinB","11:45
17:40","16:45
20:04","StinL
ST","16:49
20:09",08:00,08:30,"330
23"
0423,"S153
S138P","13:04
18:14","StinH
aa","13:10
18:21","17:25
21:32","StinH
ST","17:29
21:37",08:03,08:33,"314
192"
0424,"S103
S118","12:35
16:45","bb
bb","12:44
16:52","15:55
21:05","aa
ST","16:02
21:10",08:05,08:35,"192
192"
0424,"S103
S118","12:35
16:45","bb
bb","12:44
16:52","15:55
21:05","aa
ST","16:02
21:10",08:05,08:35,23
0425,"S150
S102","12:49
17:12","StinM
bb","12:55
17:19","16:15
21:22","StinM
ST","16:19
21:27",08:08,08:38,"325
192"
0426,"S238
S115
Relief car 1","12:14
17:08
20:43","StinR
aa
bb","12:20
17:15
20:43","16:20
20:43
20:48","StinR
bb
ST","16:24
20:43
20:53",08:09,08:39,"11
192
Relief Vehicle"
0427,"S228
S121
Relief car 1","13:14
17:15
21:42","StinK
bb
aa","13:20
17:22
21:42","16:20
21:42
21:48","StinK
aa
ST","16:24
21:42
21:53",08:09,08:39,"383
192
Relief Vehicle"
0428,"S215
S241","12:04
17:16","StinC
StinR","12:10
17:20","16:20
20:39","StinC
ST","16:24
20:44",08:10,08:40,"197
11"
0429,"S118
S129","12:29
17:46","bb
aa","12:38
17:53","16:52
21:04","bb
ST","16:59
21:09",08:10,08:40,"192
192"
0430,"S231
S122
Relief car 3","11:44
15:13
20:16","StinK
bb
aa","11:50
15:20
20:16","14:30
20:16
20:22","StinK
aa
ST","14:34
20:16
20:27",08:13,08:43,"384
192
Relief Vehicle"
0431,"S208
S123
Relief car 2","11:54
15:24
20:26","StinB
bb
aa","12:00
15:31
20:26","14:40
20:26
20:32","StinB
aa
ST","14:44
20:26
20:37",08:13,08:43,"23
192
Relief Vehicle"
0432,"S201
S103","12:14
15:48","StinB
aa","12:20
15:55","15:00
20:53","StinB
STDEP PK","15:04
20:58",08:14,08:44,"23
192"
0432,"S201
S103","12:14
15:48","StinB
aa","12:20
15:55","15:00
20:53","StinB
STDEP PK","15:04
20:58",08:14,08:44,330
0433,"S214
S807","11:44
16:51","StinC
StinL","11:50
16:55","16:00
20:23","StinC
ST","16:04
20:28",08:14,08:44,"197
330"
0434,"S101
S107","13:09
18:00","aa
bb","13:18
18:07","17:09
21:52","bb
ST","17:16
21:57",08:18,08:48,"192
192"
0435,"S203
S117
Relief car 2","12:54
16:34
21:32","StinB
bb
aa","13:00
16:41
21:32","15:42
21:32
21:38","StinD
aa
ST","15:46
21:32
21:43",08:19,08:49,23
0435,"S203
S117
Relief car 2","12:54
16:34
21:32","StinB
bb
aa","13:00
16:41
21:32","15:42
21:32
21:38","StinD
aa
ST","15:46
21:32
21:43",08:19,08:49,"25
192
Relief Vehicle"
0436,"S807
S106","11:51
17:51","StinL
bb","11:57
17:58","16:55
20:37","StinL
STDEP PK","16:59
20:42",08:21,08:51,"330
192"
0437,"S132
S101","12:58
17:02","STDEP PK
bb","13:02
17:09","16:08
21:49","bb
ST","16:15
21:54",08:26,08:56,"192
192"
0437,"S132
S101","12:58
17:02","STDEP PK
bb","13:02
17:09","16:08
21:49","bb
ST","16:15
21:54",08:26,08:56,325
0501,"S142P
Relief car 1
S115","15:22
20:38
20:43","ST
ST
bb","15:34
20:40
20:43","19:59
20:43
22:32","STDEP PK
bb
ST","20:00
20:43
22:37",06:45,07:15,"330
Relief Vehicle
192"
0502,"S251P
S130P
Relief car 1","14:42
18:03
21:52","ST
bb
bb","14:54
18:10
21:52","17:04
21:52
21:57","ST
bb
ST","17:05
21:52
22:02",06:50,07:20,191
0502,"S251P
S130P
Relief car 1","14:42
18:03
21:52","ST
bb
bb","14:54
18:10
21:52","17:04
21:52
21:57","ST
bb
ST","17:05
21:52
22:02",06:50,07:20,"197
192
Relief Vehicle"
0503,"S802
S110
Relief car 1","14:51
18:20
22:02","StinL
bb
bb","14:57
18:27
22:02","17:25
22:02
22:07","StinL
bb
ST","17:29
22:02
22:12",06:51,07:21,"330
192
Relief Vehicle"
0504,"S808
Relief car 1
S110","16:59
21:57
22:02","StinL
ST
bb","17:05
21:59
22:02","21:13
22:02
24:18","ST
bb
ST","21:14
22:02
24:23",06:54,07:24,"330
Relief Vehicle
192"
0505,"S102
S139P
Relief car 2","14:36
18:11
21:52","bb
aa
aa","14:45
18:18
21:52","17:19
21:52
21:58","bb
aa
ST","17:26
21:52
22:03",06:57,07:27,"192
192
Relief Vehicle"
0506,"S150
Relief car 1
S130P","16:09
21:47
21:52","StinM
ST
bb","16:15
21:49
21:52","20:54
21:52
24:11","ST
bb
ST","20:55
21:52
24:16",07:37,08:07,325
0506,"S150
Relief car 1
S130P","16:09
21:47
21:52","StinM
ST
bb","16:15
21:49
21:52","20:54
21:52
24:11","ST
bb
ST","20:55
21:52
24:16",07:37,08:07,"314
Relief Vehicle
192"
0507,"S238
S128","16:14
20:39","StinR
STDEP PK","16:20
20:41","19:53
24:33","ST
ST","19:54
24:38",07:54,08:24,"11
330"
0507,"S238
S128","16:14
20:39","StinR
STDEP PK","16:20
20:41","19:53
24:33","ST
ST","19:54
24:38",07:54,08:24,325
0507,"S238
S128","16:14
20:39","StinR
STDEP PK","16:20
20:41","19:53
24:33","ST
ST","19:54
24:38",07:54,08:24,11
0508,"S120
S111","15:31
20:04","aa
STDEP PK","15:40
20:06","19:19
23:53","STDEP PK
ST","19:20
23:58",07:57,08:27,"192
23"
0508,"S120
S111","15:31
20:04","aa
STDEP PK","15:40
20:06","19:19
23:53","STDEP PK
ST","19:20
23:58",07:57,08:27,358
0509,"S217
S140P","15:19
19:19","ST
STDEP PK","15:21
19:21","18:32
23:42","ST
ST","18:33
23:47",07:58,08:28,"23
11"
0509,"S217
S140P","15:19
19:19","ST
STDEP PK","15:21
19:21","18:32
23:42","ST
ST","18:33
23:47",07:58,08:28,327
0509,"S217
S140P","15:19
19:19","ST
STDEP PK","15:21
19:21","18:32
23:42","ST
ST","18:33
23:47",07:58,08:28,314
0510,"S144
S145","15:15
20:24","StinL
STDEP PK","15:21
20:26","19:44
23:41","STDEP PK
ST","19:45
23:46",08:01,08:31,"330
384"
0510,"S144
S145","15:15
20:24","StinL
STDEP PK","15:21
20:26","19:44
23:41","STDEP PK
ST","19:45
23:46",08:01,08:31,25
0511,"S210
S131","15:54
20:44","StinB
STDEP PK","16:00
20:46","20:04
24:28","ST
ST","20:05
24:33",08:09,08:39,23
0511,"S210
S131","15:54
20:44","StinB
STDEP PK","16:00
20:46","20:04
24:28","ST
ST","20:05
24:33",08:09,08:39,"327
374"
0511,"S210
S131","15:54
20:44","StinB
STDEP PK","16:00
20:46","20:04
24:28","ST
ST","20:05
24:33",08:09,08:39,378A
0511,"S210
S131","15:54
20:44","StinB
STDEP PK","16:00
20:46","20:04
24:28","ST
ST","20:05
24:33",08:09,08:39,384
0512,"S128
Relief car 3
S132","15:25
20:28
20:33","bb
ST
bb","15:34
20:30
20:33","19:48
20:33
23:59","STDEP PK
bb
ST","19:49
20:33
24:04",08:09,08:39,"192
Relief Vehicle
192"
0512,"S128
Relief car 3
S132","15:25
20:28
20:33","bb
ST
bb","15:34
20:30
20:33","19:48
20:33
23:59","STDEP PK
bb
ST","19:49
20:33
24:04",08:09,08:39,11
0513,"S131
S106","15:49
21:09","bb
STDEP PK","15:58
21:11","20:31
24:24","STDEP PK
ST","20:32
24:29",08:10,08:40,"192
330"
0513,"S131
S106","15:49
21:09","bb
STDEP PK","15:58
21:11","20:31
24:24","STDEP PK
ST","20:32
24:29",08:10,08:40,325
0514,"S149P
S125","15:29
20:09","ST
STDEP PK","15:41
20:11","19:23
24:05","ST
ST","19:24
24:10",08:11,08:41,"11
330"
0514,"S149P
S125","15:29
20:09","ST
STDEP PK","15:41
20:11","19:23
24:05","ST
ST","19:24
24:10",08:11,08:41,325
0514,"S149P
S125","15:29
20:09","ST
STDEP PK","15:41
20:11","19:23
24:05","ST
ST","19:24
24:10",08:11,08:41,312
0515,"S226
S146","15:14
20:34","StinK
STDEP PK","15:20
20:36","19:55
23:52","ST
ST","19:56
23:57",08:13,08:43,383
0515,"S226
S146","15:14
20:34","StinK
STDEP PK","15:20
20:36","19:55
23:52","ST
ST","19:56
23:57",08:13,08:43,"374
25"
0515,"S226
S146","15:14
20:34","StinK
STDEP PK","15:20
20:36","19:55
23:52","ST
ST","19:56
23:57",08:13,08:43,330
0516,"S218
Relief car 1
S104","15:04
20:26
20:31","StinC
ST
aa","15:10
20:28
20:31","19:48
20:31
23:43","ST
aa
ST","19:49
20:31
23:48",08:14,08:44,"197
Relief Vehicle
192"
0516,"S218
Relief car 1
S104","15:04
20:26
20:31","StinC
ST
aa","15:10
20:28
20:31","19:48
20:31
23:43","ST
aa
ST","19:49
20:31
23:48",08:14,08:44,330
0517,"S220
Relief car 2
S123","15:14
20:21
20:26","StinP
ST
aa","15:20
20:23
20:26","19:42
20:26
23:53","ST
aa
ST","19:43
20:26
23:58",08:14,08:44,"312
Relief Vehicle
192"
0518,"S124
Relief car 1
S114","14:13
18:47
19:39","aa
aa
STDEP PK","14:22
18:47
19:41","18:47
18:53
22:53","aa
ST
ST","18:47
18:53
22:58",08:15,08:45,"192
Relief Vehicle
383"
0518,"S124
Relief car 1
S114","14:13
18:47
19:39","aa
aa
STDEP PK","14:22
18:47
19:41","18:47
18:53
22:53","aa
ST
ST","18:47
18:53
22:58",08:15,08:45,314
0518,"S124
Relief car 1
S114","14:13
18:47
19:39","aa
aa
STDEP PK","14:22
18:47
19:41","18:47
18:53
22:53","aa
ST
ST","18:47
18:53
22:58",08:15,08:45,358
0519,"S133
Relief car 1
S127","14:45
18:35
19:24","aa
bb
STDEP PK","14:54
18:35
19:26","18:35
18:40
23:28","bb
ST
ST","18:35
18:40
23:33",08:18,08:48,"192
Relief Vehicle
378A"
0519,"S133
Relief car 1
S127","14:45
18:35
19:24","aa
bb
STDEP PK","14:54
18:35
19:26","18:35
18:40
23:28","bb
ST
ST","18:35
18:40
23:33",08:18,08:48,384
0520,"S252P
Relief car 3
S122","15:44
20:11
20:16","ST
ST
aa","15:56
20:13
20:16","19:32
20:16
24:28","ST
aa
ST","19:33
20:16
24:33",08:19,08:49,327
0520,"S252P
Relief car 3
S122","15:44
20:11
20:16","ST
ST
aa","15:56
20:13
20:16","19:32
20:16
24:28","ST
aa
ST","19:33
20:16
24:33",08:19,08:49,383
0520,"S252P
Relief car 3
S122","15:44
20:11
20:16","ST
ST
aa","15:56
20:13
20:16","19:32
20:16
24:28","ST
aa
ST","19:33
20:16
24:33",08:19,08:49,"378A
Relief Vehicle
192"
0521,"S803
S119","15:03
20:00","StinL
ST","15:09
20:01","19:13
23:47","ST
ST","19:14
23:52",08:19,08:49,"330
327"
0521,"S803
S119","15:03
20:00","StinL
ST","15:09
20:01","19:13
23:47","ST
ST","19:14
23:52",08:19,08:49,314
0521,"S803
S119","15:03
20:00","StinL
ST","15:09
20:01","19:13
23:47","ST
ST","19:14
23:52",08:19,08:49,197
0522,"S302
Relief car 2
S133","15:39
21:06
21:11","StinM
ST
aa","15:45
21:08
21:11","20:24
21:11
24:28","ST
aa
ST","20:25
21:11
24:33",08:24,08:54,"325
Relief Vehicle
192"
0531,"S243
Relief car 1
S121","17:54
21:37
21:42","StinR
ST
aa","18:00
21:39
21:42","20:59
21:42
24:58","ST
aa
ST","21:00
21:42
25:03",06:39,07:09,"11
Relief Vehicle
192"
0532,"S256
Relief car 2
S117","16:54
21:27
21:32","StinP
ST
aa","17:00
21:29
21:32","20:47
21:32
24:48","ST
aa
ST","20:48
21:32
24:53",07:29,07:59,378
0532,"S256
Relief car 2
S117","16:54
21:27
21:32","StinP
ST
aa","17:00
21:29
21:32","20:47
21:32
24:48","ST
aa
ST","20:48
21:32
24:53",07:29,07:59,"25
Relief Vehicle
192"
0533,"S148P
S144","16:49
20:09","ST
STDEP PK","17:01
20:11","19:19
24:43","ST
ST","19:20
24:48",07:29,07:59,"197
314"
0533,"S148P
S144","16:49
20:09","ST
STDEP PK","17:01
20:11","19:19
24:43","ST
ST","19:20
24:48",07:29,07:59,312
0533,"S148P
S144","16:49
20:09","ST
STDEP PK","17:01
20:11","19:19
24:43","ST
ST","19:20
24:48",07:29,07:59,358
0534,"S239
S147","16:34
20:44","StinR
STDEP PK","16:40
20:46","20:06
24:37","ST
ST","20:07
24:42",07:38,08:08,"11
325"
0534,"S239
S147","16:34
20:44","StinR
STDEP PK","16:40
20:46","20:06
24:37","ST
ST","20:07
24:42",07:38,08:08,384
0534,"S239
S147","16:34
20:44","StinR
STDEP PK","16:40
20:46","20:06
24:37","ST
ST","20:07
24:42",07:38,08:08,25
0535,"S809P
S126","16:46
20:59","ST
STDEP PK","16:58
21:01","20:14
24:54","ST
ST","20:15
24:59",07:43,08:13,"330
327"
0535,"S809P
S126","16:46
20:59","ST
STDEP PK","16:58
21:01","20:14
24:54","ST
ST","20:15
24:59",07:43,08:13,330
0535,"S809P
S126","16:46
20:59","ST
STDEP PK","16:58
21:01","20:14
24:54","ST
ST","20:15
24:59",07:43,08:13,325
0536,"S247P
S120","16:34
19:54","ST
STDEP PK","16:46
19:56","19:09
24:48","ST
ST","19:10
24:53",07:49,08:19,322
0536,"S247P
S120","16:34
19:54","ST
STDEP PK","16:46
19:56","19:09
24:48","ST
ST","19:10
24:53",07:49,08:19,"384
330"
0536,"S247P
S120","16:34
19:54","ST
STDEP PK","16:46
19:56","19:09
24:48","ST
ST","19:10
24:53",07:49,08:19,312
0536,"S247P
S120","16:34
19:54","ST
STDEP PK","16:46
19:56","19:09
24:48","ST
ST","19:10
24:53",07:49,08:19,23
0537,"S806
Relief car 2
S139P","16:39
21:47
21:52","StinL
ST
aa","16:45
21:49
21:52","20:44
21:52
24:55","ST
aa
ST","20:45
21:52
25:00",07:51,08:21,"330
Relief Vehicle
192"
0538,"S228
S105","16:14
20:09","StinK
STDEP PK","16:20
20:11","19:18
24:42","ST
ST","19:19
24:47",08:03,08:33,383
0538,"S228
S105","16:14
20:09","StinK
STDEP PK","16:20
20:11","19:18
24:42","ST
ST","19:19
24:47",08:03,08:33,"312
358"
0538,"S228
S105","16:14
20:09","StinK
STDEP PK","16:20
20:11","19:18
24:42","ST
ST","19:19
24:47",08:03,08:33,23
0538,"S228
S105","16:14
20:09","StinK
STDEP PK","16:20
20:11","19:18
24:42","ST
ST","19:19
24:47",08:03,08:33,314
0539,"S146
S134","16:15
20:39","StinL
STDEP PK","16:21
20:41","19:59
24:52","STDEP PK
ST","20:00
24:57",08:12,08:42,"330
383"
0539,"S146
S134","16:15
20:39","StinL
STDEP PK","16:21
20:41","19:59
24:52","STDEP PK
ST","20:00
24:57",08:12,08:42,330
0540,"S805
Relief car 2
S124","16:03
20:36
20:41","StinL
ST
aa","16:09
20:38
20:41","19:51
20:41
24:48","ST
aa
ST","19:52
20:41
24:53",08:20,08:50,"330
Relief Vehicle
192"
0541,"S151
Relief car 1
S137P","15:49
21:11
21:16","StinH
ST
aa","15:55
21:13
21:16","20:30
21:16
24:38","ST
aa
ST","20:31
21:16
24:43",08:24,08:54,314
0541,"S151
Relief car 1
S137P","15:49
21:11
21:16","StinH
ST
aa","15:55
21:13
21:16","20:30
21:16
24:38","ST
aa
ST","20:31
21:16
24:43",08:24,08:54,"374
Relief Vehicle
192"
0542,"S109
S109","15:53
19:36","bb
STDEP PK","16:02
19:38","18:50
24:45","STDEP PK
ST","18:51
24:50",08:27,08:57,"192
25"
0542,"S109
S109","15:53
19:36","bb
STDEP PK","16:02
19:38","18:50
24:45","STDEP PK
ST","18:51
24:50",08:27,08:57,325
0542,"S109
S109","15:53
19:36","bb
STDEP PK","16:02
19:38","18:50
24:45","STDEP PK
ST","18:51
24:50",08:27,08:57,11
0581,"S802
S142P","17:19
20:19","StinL
STDEP PK","17:25
20:21","19:32
25:22","ST
ST","19:33
25:27",07:38,08:08,"330
11"
0581,"S802
S142P","17:19
20:19","StinL
STDEP PK","17:25
20:21","19:32
25:22","ST
ST","19:33
25:27",07:38,08:08,327
0581,"S802
S142P","17:19
20:19","StinL
STDEP PK","17:25
20:21","19:32
25:22","ST
ST","19:33
25:27",07:38,08:08,330
0582,"S234
S103","16:54
21:04","StinR
STDEP PK","17:00
21:06","20:21
25:13","ST
ST","20:22
25:18",07:54,08:24,"11
23"
0582,"S234
S103","16:54
21:04","StinR
STDEP PK","17:00
21:06","20:21
25:13","ST
ST","20:22
25:18",07:54,08:24,330
0851,NIGHT,23:00,ST,23:02,31:01,ST,31:06,07:36,08:06,
0852,NIGHT,23:00,ST,23:02,31:01,ST,31:06,07:36,08:06,
0861,PAPER,03:30,ST,03:32,07:07,ST,07:12,03:42,03:42,
0862,S851,05:00,ST,05:00,13:54,ST,13:59,08:29,08:59,T-bird
0863,S852,13:54,ST,13:54,22:00,ST,22:00,07:36,08:06,T-bird
